{"Training Loss": 0.16733965277671814, "_timestamp": 1699752976.1313632, "_runtime": 117.40869212150574, "_step": 5}