{"Training Loss": 0.14565740525722504, "_timestamp": 1699894113.992332, "_runtime": 95.73838591575623, "_step": 5}