{"Training Loss": 0.09022301435470581, "_timestamp": 1698179603.84426, "_runtime": 1195.6768748760223, "_step": 81}