{"Training Loss": 0.14565740525722504, "_timestamp": 1699900125.5089269, "_runtime": 84.95472979545593, "_step": 5}