{"Training Loss": 0.14565740525722504, "_timestamp": 1699892968.3013299, "_runtime": 91.77315092086792, "_step": 5}