{"Training Loss": 0.42373913526535034, "_timestamp": 1699752784.8493462, "_runtime": 255.76011204719543, "_step": 2}