{"Training Loss": 0.14565740525722504, "_timestamp": 1698070104.7453718, "_runtime": 90.68107986450195, "_step": 5}